user_id,age,last_month_salary_clean,number_dependents_clean,default_flag,more_90_days_overdue,using_lines_not_secured_personal_assets,number_times_delayed_payment_loan_30_59_days,debt_ratio,number_times_delayed_payment_loan_60_89_days,total_loan,real_state,other,age_range
9884,21,833,0,0,0,"0,9999999",0,"0,070743405",0,0,0,0,18-35
14999,21,0,0,0,0,"0,9999999",0,0,0,0,0,0,18-35
865,21,867,0,0,98,"0,9999999",98,0,98,0,0,0,18-35
3108,21,5400,0,0,98,"0,9999999",98,0,98,0,0,0,18-35
28122,21,5400,1,0,0,"0,9999999",0,8,0,0,0,0,18-35
24483,21,5400,1,0,98,"0,9999999",98,0,98,0,0,0,18-35
18876,21,5400,1,0,0,"0,9999999",0,307,0,0,0,0,18-35
27733,21,1000,0,0,0,"0,36963037",0,"0,010989011",0,1,0,1,18-35
35429,21,2250,2,0,0,"0,626674665",0,"0,107507774",0,1,0,1,18-35
22623,21,2420,0,0,0,"0,898203593",0,"0,005369682",0,1,0,1,18-35
17258,21,845,0,0,0,0,0,0,0,1,0,1,18-35
24559,21,0,0,0,0,"0,017964072",0,0,0,1,0,1,18-35
15009,21,1,1,0,0,0,0,0,0,1,0,1,18-35
18209,21,1300,0,0,0,"0,512479201",0,"0,101460415",0,1,0,1,18-35
15684,21,5400,0,0,0,0,0,0,0,1,0,1,18-35
33474,21,5400,1,0,0,"0,9999999",0,112,0,1,0,1,18-35
2303,21,5400,0,0,0,"0,974392418",0,672,0,1,0,1,18-35
12520,21,0,0,0,0,0,0,0,0,1,0,1,18-35
9754,21,854,0,0,0,"0,9999999",0,0,0,1,0,1,18-35
28075,21,5400,1,0,0,"0,816367265",0,12,0,1,0,1,18-35
16848,21,0,0,0,0,0,0,0,0,1,0,1,18-35
3985,21,3300,0,0,0,"0,289421158",0,"0,001211754",0,1,0,1,18-35
4732,21,550,0,0,0,"0,9999999",0,"0,176043557",0,1,0,1,18-35
35630,21,700,0,0,0,"0,9999999",0,0,0,1,0,1,18-35
13372,21,2000,0,0,0,0,0,0,0,1,0,1,18-35
2932,21,5400,0,0,0,"0,445078459",0,9,0,1,0,1,18-35
18682,21,5400,0,0,0,"0,9999999",0,34,0,1,0,1,18-35
8870,21,5400,1,0,0,"0,9999999",0,0,0,1,0,1,18-35
280,21,4000,0,0,0,"1,107892108",0,"0,008247938",0,2,0,2,18-35
22147,21,820,0,0,0,0,0,0,0,2,0,2,18-35
5381,21,9686,0,0,0,"0,321357285",0,"0,000412925",0,2,0,2,18-35
24324,21,1370,0,0,0,"0,101123596",0,"0,001458789",0,2,0,2,18-35
16574,21,1300,0,0,0,"0,686654909",0,"0,037663336",0,2,0,2,18-35
4012,21,0,0,0,0,"0,017269587",0,2,0,2,0,2,18-35
26170,21,1,0,0,0,0,0,0,0,2,0,2,18-35
20846,21,929,0,0,0,0,0,"0,061290323",0,2,0,2,18-35
10438,21,1160,0,0,0,"0,074923344",0,"0,028423773",0,3,0,3,18-35
2966,21,641,0,0,0,"0,602794411",0,"0,884735202",0,3,0,3,18-35
3683,22,5400,0,0,0,"0,9999999",0,20,0,0,0,0,18-35
31904,22,0,0,0,98,"0,9999999",98,0,98,0,0,0,18-35
12798,22,1200,0,0,0,"0,9999999",0,"0,033305579",0,0,0,0,18-35
14767,22,5400,0,0,0,"0,9999999",0,0,0,0,0,0,18-35
17431,22,5400,0,0,98,"0,9999999",98,0,98,0,0,0,18-35
23057,22,5400,0,0,98,"0,9999999",98,0,98,0,0,0,18-35
7457,22,0,0,0,0,"0,9999999",0,0,0,0,0,0,18-35
12771,22,5400,1,0,98,"0,9999999",98,0,98,0,0,0,18-35
12647,22,5400,0,0,0,"0,9999999",0,97,0,0,0,0,18-35
20824,22,4500,0,0,98,"0,9999999",98,0,98,0,0,0,18-35
35568,22,1600,0,0,0,"0,9999999",0,0,0,0,0,0,18-35
30541,22,2500,0,0,0,"0,9999999",0,0,0,0,0,0,18-35
32473,22,2133,0,0,0,"0,9999999",0,0,0,0,0,0,18-35
26354,22,5400,0,0,98,"0,9999999",98,0,98,0,0,0,18-35
14112,22,0,0,0,0,"0,9999999",0,0,0,1,0,1,18-35
7779,22,100,0,0,0,"0,9999999",0,0,0,1,0,1,18-35
34458,22,300,0,0,0,"0,08991009",0,"0,006644518",0,1,0,1,18-35
6011,22,1900,0,0,0,"0,9999999",0,"0,221462388",0,1,0,1,18-35
33270,22,5400,0,0,0,"0,9999999",0,0,0,1,0,1,18-35
23577,22,820,0,0,0,"0,9999999",0,"0,007308161",0,1,0,1,18-35
34674,22,1000,0,0,0,"0,9999999",0,0,0,1,0,1,18-35
19053,22,820,0,0,0,"0,9999999",0,0,0,1,0,1,18-35
30240,22,929,0,0,0,"0,9999999",0,0,0,1,0,1,18-35
25469,22,5400,0,0,0,"0,9999999",0,346,0,1,0,1,18-35
6309,22,0,0,0,0,"0,552894212",0,8,0,1,0,1,18-35
2822,22,3800,0,0,0,"1,035928144",0,"0,00394633",0,1,0,1,18-35
7252,22,1760,0,0,0,"0,9999999",0,"0,138557638",0,1,0,1,18-35
15572,22,1900,0,0,0,"1,007984032",0,"0,007890584",0,1,0,1,18-35
6923,22,7370,0,0,0,"0,9999999",0,0,0,1,0,1,18-35
18697,22,1600,0,0,0,"0,018981019",0,0,0,1,0,1,18-35
21887,22,526,0,0,0,"0,504983389",0,"0,007590133",0,1,0,1,18-35
6546,22,704,0,0,0,"0,051896208",0,0,0,1,0,1,18-35
35583,22,450,0,0,0,"0,089871612",0,"0,002217295",0,1,0,1,18-35
26111,22,1400,0,0,0,"0,9999999",0,0,0,1,0,1,18-35
19143,22,820,0,0,0,0,0,0,0,1,0,1,18-35
7825,22,820,0,0,0,"0,9999999",0,0,0,1,0,1,18-35
4197,22,5400,0,0,0,"0,074925075",0,2,0,1,0,1,18-35
3904,22,1,0,0,0,"0,129740519",0,"0,5",0,1,0,1,18-35
32951,22,5400,0,0,0,"0,126245847",0,1,0,1,0,1,18-35
20779,22,0,0,0,0,"0,0499002",0,0,0,1,0,1,18-35
12603,22,929,0,0,0,"0,015968064",0,0,0,1,0,1,18-35
30918,22,2083,0,0,0,0,0,"0,051823417",0,1,0,1,18-35
23737,22,820,0,0,0,"0,9999999",0,0,0,1,0,1,18-35
20557,22,0,0,0,0,"0,148770246",0,22,0,1,0,1,18-35
22193,22,1200,0,0,0,"0,9999999",0,"0,205661948",0,1,0,1,18-35
17182,22,2000,0,0,0,"0,723793677",0,"0,006496752",0,1,0,1,18-35
9696,22,0,0,0,0,"0,522477522",0,36,0,1,0,1,18-35
23671,22,929,0,0,0,"0,885114885",0,"0,027956989",0,1,0,1,18-35
34849,22,1700,0,0,1,"0,9999999",0,"0,132275132",0,1,0,1,18-35
32341,22,350,0,0,0,"0,9999999",0,"0,991452991",0,1,0,1,18-35
13819,22,5400,0,0,0,"1,046976512",0,62,0,1,0,1,18-35
3319,22,5400,1,0,0,"0,052434457",0,1,0,1,0,1,18-35
24115,22,3600,0,0,0,"0,9999999",0,0,0,1,0,1,18-35
21325,22,1300,0,0,0,"0,772025431",0,"0,019215988",0,1,0,1,18-35
12666,22,5400,0,0,0,"1,148955495",1,37,0,2,0,2,18-35
2240,22,800,0,0,0,0,0,"0,139825218",0,2,0,2,18-35
21372,22,929,0,0,0,"0,035964036",0,"0,001075269",0,2,0,2,18-35
13479,22,1500,0,0,0,0,0,0,0,2,0,2,18-35
22960,22,1920,0,0,0,"0,339330335",0,"0,010411244",0,2,0,2,18-35
35417,22,5400,1,0,0,"0,9999999",0,212,0,2,0,2,18-35
31374,22,929,0,0,0,0,0,0,0,2,0,2,18-35
771,22,1000,0,0,0,"0,873126873",0,"0,025974026",0,2,0,2,18-35
1792,22,864,0,0,0,0,0,0,0,2,0,2,18-35
31952,22,929,0,0,0,"0,005996003",0,0,0,2,0,2,18-35
33171,22,3000,0,0,0,"1,017982018",0,"0,077307564",0,2,0,2,18-35
35846,22,820,0,0,0,"0,043956044",0,"0,001218027",0,2,0,2,18-35
33917,22,820,0,0,0,0,0,0,0,2,0,2,18-35
24166,22,820,0,0,0,0,0,0,0,2,0,2,18-35
20487,22,5400,0,0,0,"0,9999999",0,50,0,2,0,2,18-35
24286,22,820,0,0,0,0,0,"0,012180268",0,2,0,2,18-35
11173,22,4500,0,0,0,"0,9999999",0,"0,096423017",0,2,0,2,18-35
25132,22,1,0,0,0,"0,638722555",0,"4,5",0,2,0,2,18-35
2501,22,1600,0,0,0,"0,137620793",0,"0,051217989",0,2,0,2,18-35
6865,22,0,0,0,0,"0,038961039",0,1,0,2,0,2,18-35
23035,22,400,0,0,0,"0,635202665",0,"0,08478803",0,2,0,2,18-35
17714,22,2745,0,0,0,0,0,0,0,2,0,2,18-35
21860,22,929,0,0,0,0,0,0,0,2,0,2,18-35
3045,22,500,0,0,0,0,0,"0,007984032",0,2,0,2,18-35
35688,22,2000,0,0,0,"0,091908092",0,"0,125437281",0,2,0,2,18-35
33153,22,820,0,0,0,0,0,0,0,2,0,2,18-35
7700,22,1700,0,0,0,"0,396377838",0,"0,281599059",0,3,0,3,18-35
22115,22,1500,0,0,0,"0,952047952",0,"0,221852099",0,3,0,3,18-35
23513,22,615,0,0,0,"0,0999001",0,"0,00487013",0,3,0,3,18-35
11082,22,1300,0,0,0,"0,9999999",0,"0,396617986",0,3,0,3,18-35
17528,22,2150,0,0,0,"0,548181061",0,"0,027429103",0,3,0,3,18-35
5465,22,1500,0,0,0,"0,304898367",0,"0,196535643",0,3,0,3,18-35
7628,22,0,0,0,0,"0,953046953",0,28,0,3,0,3,18-35
13521,22,5400,0,0,0,"0,309865276",0,23,0,3,0,3,18-35
9401,22,1308,0,0,2,"0,774032459",0,"0,35828877",0,3,0,3,18-35
941,22,2745,0,0,0,"0,08727515",0,"0,03423161",0,3,0,3,18-35
13011,22,2280,0,0,0,"1,043182727",0,"0,224462955",0,3,0,3,18-35
35562,22,1000,0,0,0,"0,239520958",0,"0,064935065",0,3,0,3,18-35
13965,22,2000,0,0,0,"0,9999999",0,"0,004497751",0,3,0,3,18-35
19672,22,300,0,0,0,0,0,"0,700996678",0,4,0,4,18-35
7661,22,2000,0,0,0,"0,462276726",0,"0,139930035",0,4,0,4,18-35
796,22,929,0,0,0,"0,577474175",0,"0,062365591",0,4,0,4,18-35
34618,22,929,0,0,0,"0,003998001",0,0,0,5,0,5,18-35
9076,22,3600,0,0,0,"0,341639748",0,"0,074423771",1,5,0,5,18-35
1158,22,929,0,0,0,"0,149900067",0,"0,078494624",0,5,0,5,18-35
22396,22,1540,0,0,0,"0,03901711",0,"0,208306295",0,7,0,7,18-35
19010,23,5400,0,0,0,"0,9999999",0,0,0,0,0,0,18-35
7328,23,5400,0,0,0,"0,9999999",0,0,0,0,0,0,18-35
5558,23,3000,0,0,0,"0,9999999",0,0,0,0,0,0,18-35
20887,23,5400,1,0,0,"0,9999999",0,2,0,0,0,0,18-35
10498,23,770,0,0,1,"0,9999999",0,0,0,0,0,0,18-35
18765,23,5400,0,0,0,"0,9999999",0,60,0,0,0,0,18-35
31655,23,5400,1,0,98,"0,9999999",98,0,98,0,0,0,18-35
15497,23,5400,1,0,0,"0,9999999",0,12,0,0,0,0,18-35
252,23,800,0,0,0,"0,9999999",0,0,0,0,0,0,18-35
10352,23,400,0,0,0,"0,075898802",0,"0,002493766",0,1,0,1,18-35
7486,23,1923,0,0,0,"0,9999999",0,"0,085758836",0,1,0,1,18-35
29602,23,820,0,0,0,"0,9999999",0,0,0,1,0,1,18-35
23215,23,898,0,0,0,"0,9999999",0,0,0,1,0,1,18-35
17810,23,2364,0,0,0,"1,113772455",0,"0,006765328",0,1,0,1,18-35
28152,23,1200,0,0,0,"0,9999999",0,"0,000832639",0,1,0,1,18-35
6329,23,1641,0,0,0,"0,102779444",0,"0,009135201",0,1,0,1,18-35
35680,23,736,0,0,0,"0,9999999",0,"0,242876526",0,1,0,1,18-35
24255,23,1000,0,0,0,"0,9999999",0,0,0,1,0,1,18-35
20127,23,500,0,0,0,"0,9999999",0,0,0,1,0,1,18-35
32806,23,864,0,0,0,"0,9999999",0,0,0,1,0,1,18-35
223,23,1200,0,0,0,"0,9999999",0,"0,208992506",0,1,0,1,18-35
3569,23,0,0,0,0,0,0,0,0,1,0,1,18-35
24963,23,1100,0,0,0,"0,9999999",0,"0,069936421",0,1,0,1,18-35
30323,23,820,0,0,0,"0,9999999",0,"0,007308161",0,1,0,1,18-35
2243,23,820,0,0,0,"0,9999999",0,"0,010962241",0,1,0,1,18-35
23337,23,0,0,0,0,"0,07992008",0,2,0,1,0,1,18-35
19133,23,2000,0,0,0,"0,9999999",1,"0,004497751",0,1,0,1,18-35
15726,23,5400,0,0,0,"0,938123752",0,14,0,1,0,1,18-35
10655,23,3586,1,0,0,"0,9999999",0,"0,151658768",0,1,0,1,18-35
3314,23,5400,0,0,0,"0,9999999",0,582,0,1,0,1,18-35
34659,23,800,0,0,0,"0,9999999",0,"0,02247191",0,1,0,1,18-35
27519,23,820,0,0,0,"0,9999999",0,"0,001218027",0,1,0,1,18-35
21989,23,5400,1,0,0,"0,9999999",0,4,0,1,0,1,18-35
2757,23,5400,1,0,0,0,0,0,0,1,0,1,18-35
2393,23,1000,0,0,0,"0,9999999",0,"0,107892108",0,1,0,1,18-35
14274,23,3500,0,0,0,"0,045823787",0,"0,001713796",0,1,0,1,18-35
26965,23,500,0,0,0,0,0,"0,037924152",0,1,0,1,18-35
13724,23,5400,0,0,0,"0,9999999",0,0,0,1,0,1,18-35
34378,23,929,0,0,0,0,0,"0,047311828",0,1,0,1,18-35
6958,23,5400,0,0,0,"0,522674865",0,40,0,1,0,1,18-35
2262,23,1200,0,0,0,"0,9999999",0,0,0,1,0,1,18-35
35368,23,0,0,0,0,"0,9999999",0,0,0,1,0,1,18-35
9347,23,0,0,0,0,"0,9999999",0,0,0,1,0,1,18-35
29965,23,5400,0,0,0,0,0,0,0,1,0,1,18-35
32879,23,820,0,0,0,"0,9999999",0,"0,002436054",0,1,0,1,18-35
3232,23,4583,0,0,0,"0,996007984",0,"0,003054101",0,1,0,1,18-35
28293,23,1800,0,0,0,"0,739086971",0,"0,036646308",0,1,0,1,18-35
31183,23,1300,0,0,0,"0,15810995",0,"0,007686395",0,1,0,1,18-35
6735,23,1200,0,0,0,"0,9999999",0,"0,229808493",0,1,0,1,18-35
16494,23,2600,0,0,0,"0,629370629",0,"0,006920415",0,1,0,1,18-35
34629,23,929,0,0,0,"0,179213857",0,"0,008602151",0,1,0,1,18-35
20894,23,3200,0,0,0,"0,9999999",0,"0,146204311",0,1,0,1,18-35
24688,23,820,0,0,0,"0,270486342",0,"0,014616322",0,1,0,1,18-35
24679,23,5400,1,0,0,"0,9999999",0,1,0,1,0,1,18-35
1791,23,200,0,0,0,0,0,"0,592039801",0,1,0,1,18-35
33365,23,0,0,0,0,"0,280898876",0,6,0,1,0,1,18-35
879,23,0,0,0,0,"0,9999999",0,249,0,1,0,1,18-35
11256,23,800,0,0,0,"0,018755083",0,"0,078651685",0,2,0,2,18-35
29260,23,0,0,0,0,"0,9999999",0,152,0,2,0,2,18-35
4720,23,10000,0,0,0,"0,440519827",0,"0,00389961",0,2,0,2,18-35
1782,23,0,0,0,0,"0,226386807",0,13,0,2,0,2,18-35
785,23,5400,2,0,0,"0,999836815",1,188,0,2,0,2,18-35
22278,23,1700,0,0,0,"0,022362536",0,"0,088771311",0,2,0,2,18-35
16383,23,5400,0,0,0,"0,874742723",0,264,0,2,0,2,18-35
10501,23,820,0,0,0,0,0,0,0,2,0,2,18-35
11378,23,820,0,0,0,"0,101159536",0,"0,008526188",0,2,0,2,18-35
337,23,820,0,0,0,"1,070619587",0,"0,058465286",0,2,0,2,18-35
4357,23,600,0,0,0,"0,716566866",0,"0,02828619",0,2,0,2,18-35
25214,23,2000,0,0,0,"0,704647676",0,"0,020989505",0,2,0,2,18-35
14059,23,2000,0,0,0,"0,181636727",0,"0,0009995",0,2,0,2,18-35
29627,23,0,0,0,0,"0,056928631",0,6,0,2,0,2,18-35
22633,23,898,0,0,0,0,0,0,0,2,0,2,18-35
9808,23,1300,1,0,0,"0,9999999",0,"0,146810146",0,2,0,2,18-35
33482,23,898,0,0,0,0,0,0,0,2,0,2,18-35
29248,23,1855,0,0,0,"0,9999999",1,"0,028017241",0,2,0,2,18-35
33904,23,600,0,0,0,"0,006993007",0,"0,086522463",0,2,0,2,18-35
17316,23,929,0,0,0,"0,19320453",0,"0,008602151",0,2,0,2,18-35
2686,23,1527,0,0,0,"0,263473054",0,"0,112565445",0,2,0,2,18-35
30006,23,898,0,0,0,0,0,0,0,2,0,2,18-35
9350,23,864,0,0,0,"0,011988012",0,0,0,2,0,2,18-35
4724,23,2557,0,0,0,"0,006996502",0,0,0,2,0,2,18-35
1831,23,1000,0,0,0,"0,9999999",0,"0,184815185",0,2,0,2,18-35
25780,23,3500,0,0,0,"0,9999999",0,"0,091973722",0,2,0,2,18-35
4341,23,898,0,0,1,0,1,0,0,2,0,2,18-35
26832,23,1100,0,0,0,"0,337325349",0,"0,008174387",0,2,0,2,18-35
32564,23,5400,1,0,0,"0,95802099",1,61,0,2,0,2,18-35
11842,23,1,0,0,0,"0,9999999",0,25,0,2,0,2,18-35
31732,23,929,0,0,0,"0,9999999",0,0,0,2,0,2,18-35
15354,23,929,0,0,0,"0,280719281",0,"0,093548387",0,2,0,2,18-35
26128,23,3000,0,0,0,"0,002068252",0,0,0,2,0,2,18-35
11223,23,929,0,0,0,"0,784431138",0,"0,011827957",0,2,0,2,18-35
23738,23,1120,0,0,0,"0,9999999",0,0,0,2,0,2,18-35
1141,23,1800,0,0,0,"0,296689569",0,"0,007773459",0,2,0,2,18-35
23258,23,2500,0,0,0,0,0,0,0,2,0,2,18-35
24571,23,3900,0,0,0,"0,5982009",0,"0,008972058",0,2,0,2,18-35
34072,23,5400,0,0,0,0,0,0,0,2,0,2,18-35
28029,23,3800,0,0,0,"0,029492627",0,"0,000789266",0,2,0,2,18-35
4842,23,3333,0,0,0,"0,746253746",0,"0,130773845",0,2,0,2,18-35
16571,23,2100,0,0,0,0,0,0,0,2,0,2,18-35
7334,23,0,0,0,0,"0,657342657",0,19,0,2,0,2,18-35
22256,23,820,0,0,0,0,0,"0,163215591",0,2,0,2,18-35
6411,23,1500,0,0,0,"1,03996004",1,"0,185876083",0,2,0,2,18-35
35480,23,900,0,0,0,"0,9999999",0,"0,208657048",0,2,0,2,18-35
2129,23,898,0,0,0,"0,009993338",0,0,0,2,0,2,18-35
25057,23,1400,0,0,0,"0,513641756",0,"0,315488936",0,3,0,3,18-35
18508,23,1800,0,0,0,0,1,"0,197667962",0,3,0,3,18-35
1012,23,6000,1,1,4,"0,580545944",0,"0,047325446",1,3,0,3,18-35
5687,23,820,0,0,0,"0,014628275",0,"0,004872107",0,3,0,3,18-35
6476,23,898,0,0,0,"0,218520986",0,"0,010011123",0,3,0,3,18-35
3996,23,3500,1,0,0,"0,9999999",0,"0,085975436",0,3,0,3,18-35
29737,23,2680,0,0,0,"0,9999999",0,"0,095113764",0,3,0,3,18-35
8628,23,3040,0,0,0,"0,269092363",0,"0,079250247",0,3,0,3,18-35
19807,23,5400,0,1,1,"1,155527795",1,687,1,3,0,3,18-35
398,23,2557,0,0,0,"0,474262869",0,"0,011336982",0,3,0,3,18-35
99,23,2200,0,0,0,"0,347330534",0,"0,094502499",0,3,0,3,18-35
2308,23,5400,1,0,0,"0,043912176",0,85,0,3,0,3,18-35
6769,23,3000,0,0,0,"0,379554982",0,"0,011662779",0,3,0,3,18-35
16136,23,764,0,0,0,"0,035755479",0,"0,002614379",0,3,0,3,18-35
30413,23,929,0,0,0,"0,025135676",0,"0,002150538",0,3,0,3,18-35
20319,23,300,0,0,0,"0,054198134",0,"0,009966777",0,3,0,3,18-35
23044,23,898,0,0,0,"0,24870052",0,"0,598442714",0,3,0,3,18-35
16614,23,1906,1,0,0,"0,9999999",0,"0,208704772",0,3,0,3,18-35
20830,23,1700,0,0,0,0,1,"0,150499706",0,4,0,4,18-35
20806,23,820,0,0,0,"0,129971118",0,"0,020706456",0,4,0,4,18-35
31301,23,5400,0,0,0,"1,022790884",0,152,0,4,0,4,18-35
22033,23,3083,0,0,0,"0,058985254",0,"0,003242542",0,4,0,4,18-35
11474,23,800,0,0,0,"0,369315342",0,"0,027465668",0,4,0,4,18-35
34758,23,2500,0,0,0,"0,077134986",0,"0,086765294",0,4,0,4,18-35
18974,23,6150,0,0,1,"0,9999999",1,"0,068931881",0,4,0,4,18-35
16887,23,1500,0,0,0,"0,002999",0,0,0,4,0,4,18-35
1027,23,1666,0,0,0,"0,764522174",0,"0,283143371",0,5,0,4,18-35
2991,23,3700,0,0,0,"0,057823696",0,"0,002701972",0,4,0,4,18-35
3546,23,1580,0,0,0,"0,337052601",0,"0,043643264",0,4,0,4,18-35
15584,23,150,0,0,0,"0,199454793",0,"0,119205298",0,4,0,4,18-35
26841,23,200,0,0,0,"0,97002997",0,"0,651741294",0,4,0,4,18-35
3762,23,600,0,0,0,"0,078990126",0,"0,06156406",0,5,0,5,18-35
31237,23,1729,0,0,0,"0,305651672",0,"0,224855491",0,5,0,5,18-35
26602,23,3100,0,0,0,"0,8203415",0,"0,112221864",0,5,0,5,18-35
5513,23,2700,0,0,0,"0,028985507",0,"0,027027027",1,5,0,5,18-35
29688,23,3400,0,0,0,"0,058660149",0,"0,059100265",0,5,0,5,18-35
27773,23,5400,1,0,0,"0,183810806",0,98,0,5,0,5,18-35
2167,23,1750,0,0,0,"1,001999",0,"0,304397487",0,5,0,5,18-35
25772,23,1660,0,0,0,"0,279766861",0,"0,282962071",0,5,0,5,18-35
7540,23,3229,0,0,0,"0,108564296",0,"0,035294118",0,6,0,6,18-35
29795,23,2700,0,0,0,"0,9999999",0,"0,431691966",0,7,0,7,18-35
18888,23,2557,0,0,0,"0,079384479",0,"0,054339328",0,7,0,7,18-35
69,23,5400,0,0,0,"1,005712654",1,1092,0,7,0,7,18-35
23709,23,2500,0,0,0,"0,492311818",0,"0,160335866",0,7,0,7,18-35
15253,23,5654,3,0,0,"0,811458427",0,"0,140760389",0,8,0,8,18-35
12567,23,1200,0,0,0,"0,640617901",0,"0,039966694",0,8,0,8,18-35
17527,23,1500,0,0,0,"0,917233107",0,"0,2751499",0,8,0,8,18-35
8505,23,600,0,0,0,"0,045848456",0,"0,029950083",0,8,0,8,18-35
7058,23,1914,1,1,4,"0,795640872",1,"0,230809399",1,10,0,10,18-35
29247,24,2025,0,0,0,"0,9999999",1,"0,111056269",0,0,0,0,18-35
28253,24,1000,0,0,0,"0,9999999",0,0,0,0,0,0,18-35
5323,24,5400,1,1,98,"0,9999999",98,0,98,0,0,0,18-35
12542,24,5400,0,1,98,"0,9999999",98,0,98,0,0,0,18-35
12589,24,400,0,0,1,"0,9999999",0,"0,21446384",0,0,0,0,18-35
23390,24,5400,0,0,1,"0,9999999",0,16,0,0,0,0,18-35
26777,24,1100,0,1,98,"0,9999999",98,0,98,0,0,0,18-35
25661,24,5400,0,0,0,"0,9999999",0,49,0,0,0,0,18-35
11279,24,5400,1,0,0,"0,9999999",0,0,0,0,0,0,18-35
29590,24,750,0,0,98,"0,9999999",98,0,98,0,0,0,18-35
20605,24,5400,1,0,0,"0,9999999",0,66,0,0,0,0,18-35
25244,24,5400,0,1,98,"0,9999999",98,54,98,0,0,0,18-35
18594,24,2252,1,0,0,"0,156793728",0,"0,051930759",0,1,0,1,18-35
15966,24,3200,0,0,0,"0,9999999",0,"0,135895033",0,1,0,1,18-35
296,24,800,0,0,0,"0,9999999",0,"0,61298377",0,1,0,1,18-35
17681,24,5400,0,0,0,"0,9999999",0,0,0,1,0,1,18-35
4165,24,5400,0,0,0,"0,9999999",0,520,0,1,0,1,18-35
18157,24,0,0,0,0,"0,270729271",0,8,0,1,0,1,18-35
31409,24,1000,0,0,0,0,0,"0,005994006",0,1,0,1,18-35
19978,24,800,0,0,0,"0,9999999",0,0,0,1,0,1,18-35
16873,24,1,0,0,0,"0,37962038",0,"5,5",0,1,0,1,18-35
11693,24,4500,0,0,0,"0,183526589",0,"0,002888247",0,1,0,1,18-35
35909,24,2500,0,0,0,"0,9999999",0,0,0,1,0,1,18-35
12694,24,898,0,0,0,"0,363636364",0,"0,011123471",0,1,0,1,18-35
9700,24,5400,1,0,0,"0,169100692",0,19,0,1,0,1,18-35
24946,24,1879,1,0,0,"0,9999999",0,"0,194680851",0,1,0,1,18-35
15986,24,1400,1,0,1,"0,65849228",0,"0,014989293",1,1,0,1,18-35
21531,24,2800,0,0,0,"0,9999999",0,"0,032845412",0,1,0,1,18-35
10287,24,5400,1,0,0,"0,9999999",0,3,0,1,0,1,18-35
4513,24,897,0,0,0,"0,009694032",0,0,0,1,0,1,18-35
29739,24,5400,0,0,0,"0,9999999",1,503,0,1,0,1,18-35
7324,24,5400,0,0,0,"0,9999999",0,0,0,1,0,1,18-35
5361,24,5400,1,0,0,0,0,0,0,1,0,1,18-35
12573,24,1000,0,0,0,"0,9999999",0,0,0,1,0,1,18-35
2142,24,1157,0,0,0,"0,9999999",2,"0,254749568",0,1,0,1,18-35
12559,24,1450,0,0,0,"0,9999999",1,"0,286698828",0,1,0,1,18-35
1714,24,0,0,0,0,"0,9999999",0,0,0,1,0,1,18-35
5037,24,820,0,0,1,"0,9999999",0,0,0,1,0,1,18-35
11111,24,5400,0,0,0,"0,9999999",0,0,0,1,0,1,18-35
1914,24,1462,0,0,0,"0,9999999",0,"0,045112782",0,1,0,1,18-35
19020,24,5400,0,0,0,"0,26746507",0,4,0,1,0,1,18-35
20399,24,3000,0,0,0,"0,102897103",0,"0,000999667",0,1,0,1,18-35
8662,24,3438,0,0,0,"0,9999999",0,"0,100029078",0,1,0,1,18-35
35241,24,5400,0,1,1,"0,9999999",1,286,0,1,0,1,18-35
6123,24,820,0,0,0,"0,9999999",0,0,0,1,0,1,18-35
5956,24,3000,0,0,0,"0,882235529",0,"0,12095968",0,2,0,2,18-35
13216,24,0,0,0,0,"0,293413174",0,4,0,2,0,2,18-35
1112,24,1879,0,0,0,"0,065868263",0,"0,031914894",0,2,0,2,18-35
16859,24,1350,0,0,0,"0,338512764",0,"0,008142117",1,2,0,2,18-35
20928,24,2750,0,0,0,"1,095808383",1,"0,008360596",0,2,0,2,18-35
25353,24,820,0,0,0,"0,60199005",0,"0,00365408",0,2,0,2,18-35
2967,24,1600,0,0,0,"0,045954046",0,"0,00062461",0,2,0,2,18-35
1999,24,1200,1,1,4,"1,430784608",0,"0,497085762",1,2,0,2,18-35
26592,24,300,0,0,0,"0,045977011",0,"0,774086379",0,2,0,2,18-35
22023,24,1350,0,0,0,"0,085957021",0,"0,003700962",0,2,0,2,18-35
14273,24,1000,0,0,0,"0,994003997",0,"0,043956044",0,2,0,2,18-35
23327,24,3700,0,0,0,"0,9999999",0,"0,104025939",0,2,0,2,18-35
547,24,5400,1,0,0,"0,279744051",0,41,0,2,0,2,18-35
2710,24,5400,1,0,0,"0,29056981",0,545,0,2,0,2,18-35
7906,24,1600,0,0,0,"0,079981613",0,"0,006246096",0,2,0,2,18-35
9143,24,1600,0,0,0,"0,239253582",1,"0,06620862",0,2,0,2,18-35
28191,24,3000,0,0,0,"0,0999001",0,"0,000999667",0,2,0,2,18-35
12984,24,400,0,0,0,"0,807596202",0,"0,119700748",0,2,0,2,18-35
35038,24,1084,0,0,0,"0,9999999",0,"0,284792627",0,2,0,2,18-35
32963,24,1750,0,0,0,"0,06876704",0,"0,003426613",0,2,0,2,18-35
3549,24,2745,0,0,0,1,0,"0,021485798",0,2,0,2,18-35
10425,24,820,0,0,0,"0,444158812",0,"0,056029233",0,2,0,2,18-35
24427,24,1900,0,0,0,"0,532467532",0,"0,094160968",0,2,0,2,18-35
10867,24,416,0,0,0,"0,006397441",0,0,0,2,0,2,18-35
24591,24,650,0,0,0,"0,598401598",0,"0,316436252",0,2,0,2,18-35
22871,24,0,0,0,0,"0,266955507",0,48,0,2,0,2,18-35
6267,24,2557,0,0,0,"0,912043978",0,"0,021110242",0,2,0,2,18-35
3701,24,820,0,0,0,0,0,0,0,2,0,2,18-35
5067,24,0,0,0,0,"0,495752124",0,29,0,2,0,2,18-35
8604,24,5400,0,0,0,"1,046908316",1,137,0,2,0,2,18-35
14884,24,3000,0,0,0,"0,103930713",0,"0,055314895",0,2,0,2,18-35
9973,24,898,0,0,0,"0,120268533",0,"0,027808676",0,2,0,2,18-35
3732,24,1360,0,0,0,"0,147704591",0,"0,085231447",0,2,0,2,18-35
26553,24,3314,1,0,0,"0,912087912",0,"0,225339367",0,2,0,2,18-35
23760,24,5400,0,0,0,"0,04854831",0,3,0,2,0,2,18-35
11574,24,1703,0,0,0,"0,091181764",0,"0,166666667",0,2,0,2,18-35
801,24,2800,0,0,0,"0,165933627",0,"0,004284184",0,2,0,2,18-35
7699,24,1687,0,0,0,"0,9999999",0,"0,030805687",0,3,0,3,18-35
3391,24,820,0,0,0,"0,031312458",0,"0,001218027",0,3,0,3,18-35
24236,24,1450,0,0,0,"0,764471058",0,"0,392143349",0,3,0,3,18-35
28241,24,1600,1,0,0,"0,974634896",0,"0,324172392",0,3,0,3,18-35
8255,24,2032,0,0,0,"0,9500998",0,"0,148057059",0,3,0,3,18-35
29366,24,620,0,1,1,"1,245901639",1,"0,935587762",1,3,0,3,18-35
34133,24,2248,0,0,0,"0,007705544",0,"0,003557137",0,3,0,3,18-35
28750,24,7083,0,0,0,"0,104315947",0,"0,042066629",0,3,0,3,18-35
14894,24,5000,0,0,0,"0,20189905",1,"0,00239952",0,3,0,3,18-35
2342,24,820,0,0,0,"0,269346131",0,"0,682095006",0,3,0,3,18-35
24818,24,5400,1,0,0,0,0,520,0,3,0,3,18-35
30901,24,2042,0,0,0,"0,109071078",0,"0,008810573",0,3,0,3,18-35
24349,24,2557,0,0,0,"0,033101165",0,"0,005473026",0,3,0,3,18-35
12102,24,898,0,0,0,"0,493502166",0,"0,04894327",0,3,0,3,18-35
10566,24,3270,0,0,0,"0,026814119",0,"0,001528585",0,3,0,3,18-35
35186,24,2171,1,0,0,"0,353639488",0,"0,250460405",0,3,0,3,18-35
20139,24,3800,0,0,0,0,0,"0,136806104",0,3,0,3,18-35
4503,24,1620,0,0,0,"0,561199001",0,"0,095619988",0,3,0,3,18-35
33833,24,400,0,0,0,"0,9999999",0,"0,002493766",0,3,0,3,18-35
13252,24,1700,0,0,0,"0,293413174",0,"0,027630805",0,3,0,3,18-35
17123,24,3166,0,0,0,"0,989717224",0,"0,086517209",0,3,0,3,18-35
22435,24,5400,1,0,0,"0,135981869",0,550,0,3,0,3,18-35
3873,24,1450,0,0,0,"1,00999001",0,"0,036526533",0,3,0,3,18-35
24131,24,3450,0,0,0,"0,433805162",0,"0,07244277",1,3,0,3,18-35
9213,24,5400,0,0,0,"0,107192854",0,344,0,3,0,3,18-35
1242,24,5400,0,0,0,"0,9999999",0,281,0,3,0,3,18-35
23921,24,1700,0,0,0,"0,008473858",0,"0,001175779",0,3,0,3,18-35
8716,24,3800,0,0,0,"0,975349767",0,"0,02157327",0,3,0,3,18-35
7889,24,864,0,0,0,0,1,"0,601156069",0,3,0,3,18-35
24163,24,1600,2,0,0,"0,9999999",0,"0,570268582",0,3,0,3,18-35
22927,24,0,0,0,0,"0,427145709",0,7,0,3,0,3,18-35
3329,24,4000,0,0,0,"0,458688621",0,"0,087728068",0,3,0,3,18-35
25859,24,4000,2,0,0,"0,965344885",1,"0,021494626",0,3,0,3,18-35
762,24,3600,2,0,0,"0,644710579",1,"0,090808109",0,3,0,3,18-35
33240,24,1500,0,0,0,"0,999815668",0,"0,35976016",0,3,0,3,18-35
20810,24,2200,0,0,0,"0,094392004",0,"0,06406179",0,3,0,3,18-35
23933,24,2557,0,0,0,"0,4985005",0,"0,06606724",0,4,0,4,18-35
9169,24,1000,2,0,0,"1,011952191",1,"0,068931069",0,4,0,4,18-35
16253,24,864,0,0,0,"0,311672082",0,"0,643930636",0,4,0,4,18-35
35919,24,1418,0,0,0,"0,972672739",0,"0,279069767",0,4,0,4,18-35
18783,24,3750,0,0,0,"0,014724596",0,"0,13916289",0,4,0,4,18-35
33997,24,820,0,0,0,"0,322973267",1,"0,053593179",0,4,0,4,18-35
1092,24,820,0,0,0,"0,059788042",0,"0,009744214",0,4,0,4,18-35
14707,24,4802,0,0,0,"1,06197521",0,"0,129502394",0,4,0,4,18-35
5351,24,1500,0,0,0,0,0,"0,171219187",0,4,0,4,18-35
1939,24,820,0,0,0,"0,059097978",0,"0,641900122",0,4,0,4,18-35
1479,24,4333,0,0,0,"0,9999999",0,"0,05376096",0,4,0,4,18-35
7310,24,1480,0,0,0,"1,004679855",0,"0,352464551",0,4,0,4,18-35
12137,24,850,0,0,0,"0,976265024",0,"0,891891892",0,4,0,4,18-35
10913,24,6833,1,0,0,"0,968551173",0,"0,056628622",0,4,0,4,18-35
5447,24,1560,0,0,0,"0,3399477",0,"0,042280589",0,4,0,4,18-35
6926,24,3700,0,0,0,"0,595906711",0,"0,043501756",1,4,0,4,18-35
3407,24,820,0,0,0,"0,004266098",0,0,0,4,0,4,18-35
7688,24,820,0,0,0,"0,207053263",0,"0,673568819",0,4,0,4,18-35
18420,24,2076,0,0,0,"0,98401279",0,"0,078478575",0,4,0,4,18-35
15099,24,1000,0,0,1,"0,923931149",0,"0,54045954",0,5,0,5,18-35
2551,24,820,0,0,0,"0,248730964",0,"0,69183922",0,5,0,5,18-35
13402,24,867,0,0,0,"0,087896137",0,"0,035714286",0,5,0,5,18-35
9421,24,800,0,0,0,"0,038689332",0,"0,018726592",0,5,0,5,18-35
27368,24,3000,0,0,0,0,0,"0,173275575",0,5,0,5,18-35
18719,24,1337,0,0,0,"0,000344788",0,"0,12406577",0,5,0,5,18-35
21152,24,820,0,0,0,"0,013498313",0,"0,635809988",0,5,0,5,18-35
17713,24,2666,0,0,0,"0,907546227",1,"0,085114361",0,5,0,5,18-35
12971,24,1600,1,0,0,"0,059306255",0,"0,203622736",0,5,0,5,18-35
4245,24,800,0,0,0,"0,968021319",0,"0,082397004",0,5,0,5,18-35
30347,24,5300,0,0,0,"0,145170966",0,"0,102056216",1,5,0,5,18-35
18045,24,2416,1,0,0,"0,300399772",0,"0,118328506",0,5,0,5,18-35
874,24,5400,1,0,0,0,0,45,0,5,0,5,18-35
29427,24,14550,0,0,0,"0,196007968",0,"0,010583465",0,5,0,5,18-35
23424,24,1821,0,0,0,"0,558583106",2,"0,375960483",2,5,0,5,18-35
26546,24,1500,0,0,0,"0,722811269",0,"0,488341106",1,5,0,5,18-35
30215,24,820,0,0,0,"0,055222273",0,"0,645554202",0,5,0,5,18-35
25813,24,2000,0,0,0,"0,097084415",0,"0,03898051",0,5,0,5,18-35
13668,24,2037,0,0,0,"0,512498311",0,"0,219332679",0,6,0,6,18-35
35522,24,2100,0,0,0,0,0,"0,24750119",0,6,0,6,18-35
2604,24,4400,1,0,0,"0,295062102",0,"0,09406953",0,6,0,6,18-35
273,24,2000,0,0,0,"0,788686723",0,"0,331334333",0,6,0,6,18-35
18698,24,2708,0,0,0,0,0,0,0,6,0,6,18-35
25584,24,1640,0,0,0,"0,927349478",0,"0,405240707",0,6,0,6,18-35
7146,24,2557,0,0,0,"0,013260424",0,"0,014464425",0,6,0,6,18-35
7827,24,3200,0,0,0,"0,002713898",0,"0,354576695",0,8,0,6,18-35
4291,24,1500,0,0,0,"0,870061875",1,"0,585609594",5,6,0,6,18-35
17870,24,2600,0,0,0,"0,142239438",0,"0,158400615",0,6,0,6,18-35
16088,24,4824,0,0,0,"0,220444889",0,"0,01388601",0,6,0,6,18-35
4580,24,3731,0,0,0,"0,211378243",0,"0,131028939",0,7,0,7,18-35
28765,24,3240,0,0,0,"0,211770052",1,"0,067880284",0,7,0,7,18-35
24116,24,4100,1,0,0,"0,146219538",0,"0,111192392",0,7,0,7,18-35
30205,24,1892,1,0,0,"0,262626263",0,"0,357105124",0,7,0,7,18-35
6325,24,3500,0,0,0,"0,370848936",0,"0,681233933",0,9,0,8,18-35
19920,24,5400,0,0,0,"0,991008991",1,250,1,8,0,8,18-35
8966,24,750,0,0,0,"0,664762993",3,"0,446071904",0,8,0,8,18-35
9801,24,3500,0,0,0,"0,049944068",0,"0,019137389",0,8,0,8,18-35
22178,24,5400,0,0,0,"0,688538933",0,176,0,9,0,9,18-35
1680,24,4400,1,0,0,"0,476190476",0,"0,164053624",0,11,0,11,18-35
15387,24,3000,0,0,0,"0,037425898",0,"0,087637454",0,11,0,11,18-35
22169,25,1800,0,0,0,"0,9999999",0,"0,001110494",0,0,0,0,18-35
6359,25,1916,0,1,98,"0,9999999",98,"0,020344288",98,0,0,0,18-35
9518,25,5400,0,0,1,"0,9999999",0,17,0,0,0,0,18-35
22882,25,3360,0,1,98,"0,9999999",98,0,98,0,0,0,18-35
35069,25,5400,1,0,0,"0,9999999",0,0,0,0,0,0,18-35
23007,25,1649,0,0,1,"0,9999999",0,"0,015151515",0,0,0,0,18-35
8394,25,5400,1,1,98,"0,9999999",98,0,98,0,0,0,18-35
29278,25,1250,0,0,1,"0,9999999",0,0,0,0,0,0,18-35
4955,25,750,0,0,0,"0,9999999",0,"0,093209055",0,0,0,0,18-35
33591,25,1200,0,0,2,"0,9999999",0,0,0,0,0,0,18-35
21362,25,5400,0,1,98,"0,9999999",98,22,98,0,0,0,18-35
3833,25,2640,1,0,0,"0,9999999",0,0,0,0,0,0,18-35
24667,25,0,0,0,98,"0,9999999",98,0,98,0,0,0,18-35
12253,25,5400,1,0,0,"0,9999999",0,875,1,0,0,0,18-35
13935,25,1872,0,0,0,"0,9999999",1,"0,02082221",0,0,0,0,18-35
2652,25,2500,0,0,0,"0,9999999",1,"0,158736505",0,1,0,1,18-35
3012,25,3000,0,0,0,"0,403193613",0,"0,001999334",0,1,0,1,18-35
23117,25,5400,1,0,0,"0,9999999",0,0,0,1,0,1,18-35
20677,25,2000,0,0,0,0,0,0,0,1,0,1,18-35
6061,25,3300,0,0,0,"0,796407186",0,"0,003332324",0,1,0,1,18-35
21895,25,3750,0,0,0,"0,9999999",0,"0,090109304",1,1,0,1,18-35
16845,25,1500,1,0,0,"0,101898102",0,"0,001998668",0,1,0,1,18-35
2925,25,820,0,0,0,"0,9999999",0,0,0,1,0,1,18-35
13544,25,5400,0,0,0,"0,9999999",0,170,0,1,0,1,18-35
32614,25,2745,0,0,0,"0,9999999",0,0,0,1,0,1,18-35
8470,25,5400,1,0,0,0,0,0,0,1,0,1,18-35
33291,25,2211,0,0,0,"0,221556886",0,"0,001356239",0,1,0,1,18-35
9060,25,3375,2,1,5,"1,596537949",0,"0,293246445",0,1,0,1,18-35
19945,25,0,0,0,0,"0,058941059",0,1,0,1,0,1,18-35
30760,25,2000,1,0,1,"0,9999999",0,"0,046976512",1,1,0,1,18-35
18797,25,1600,1,0,0,"0,9999999",0,"0,08119925",0,1,0,1,18-35
24175,25,3435,0,0,0,"0,9999999",0,"0,075960419",0,1,0,1,18-35